clean,created_at,extended_tweet.full_text,id,text
"it is sad that i can not have a friends to lovers arc with a guy best friend where we both figure out our sexualities and fall in love because i already figured out I am gay ğŸ˜  yes, I am not nearly as depressed and my life is exponentially better  BUT I WANT THE FRIENDS TO LOVERS ARC",Sun Mar 21 18:41:45 +0000 2021,"itâ€™s sad that i canâ€™t have a friends to lovers arc with a guy best friend where we both figure out our sexualities and fall in love because i already figured out iâ€™m gay ğŸ˜

yes, iâ€™m not nearly as depressed and my life is exponentially better

BUT I WANT THE FRIENDS TO LOVERS ARC",1373706412010962950,itâ€™s sad that i canâ€™t have a friends to lovers arc with a guy best friend where we both figure out our sexualitiesâ€¦ https://t.co/9a7ju1s55x
7-8 years have passed and vernon still loves to play with cameras &amp; doing his own squishing sound effect ğŸ˜ ,Sun Mar 21 18:41:49 +0000 2021,,1373706429354418176,RT @noniespancake: 7-8 years have passed and vernon still loves to play with cameras &amp; doing his own squishing sound effect ğŸ˜ https://t.co/â€¦
I was just thinking that was the most unexpected tweet of the year ... Then I realised I was confusing you with  ğŸ˜,Sun Mar 21 18:41:51 +0000 2021,,1373706436501516291,@EmmaKennedy I was just thinking that was the most unexpected tweet of the year ... Then I realised I was confusing you with @Emmabarnett ğŸ˜
"I asked my friend to stay for dinner but he said he feels depressed ğŸ˜¢ told him brother, niece, nephew &amp; sister n law were coming (because he knows them) he still declined. I am so sad he feels that way ğŸ˜",Sun Mar 21 18:41:54 +0000 2021,"I asked my friend to stay for dinner but he said he feels depressed ğŸ˜¢ told him brother, niece, nephew &amp; sister n law were coming (cause he knows them) he still declined. I'm so sad he feels that way ğŸ˜",1373706451596812292,"I asked my friend to stay for dinner but he said he feels depressed ğŸ˜¢ told him brother, niece, nephew &amp; sister n laâ€¦ https://t.co/qILH1LKSDL"
how does it even ended up there ğŸ˜,Sun Mar 21 18:41:56 +0000 2021,,1373706459947487235,@yedamstoes how does it even ended up there ğŸ˜
i think i spammed too much ğŸ˜,Sun Mar 21 18:41:58 +0000 2021,,1373706468390621184,i think i spammed too much ğŸ˜
yeah it is rlly sad ğŸ˜,Sun Mar 21 18:42:01 +0000 2021,,1373706478029316103,"@dontcomeforme04 yeah it's rlly sad ğŸ˜"
Swears man. I am genuinely sad rn ğŸ˜,Sun Mar 21 18:42:03 +0000 2021,,1373706487000875013,Swears man. Iâ€™m genuinely sad rn ğŸ˜
i honestly do not get myself but i think I am getting better maybe ğŸ˜ i feel like me being myself becomes too boring or plain,Sun Mar 21 18:42:05 +0000 2021,,1373706494298914816,"@JeontroWhen i honestly don't get myself but i think im getting better maybe ğŸ˜ i feel like me being myself becomes too boring or plain"
Pleased to see Vini being given a chance but gutted that Toby is ill ğŸ˜,Sun Mar 21 18:42:05 +0000 2021,,1373706495402110983,@SpursOfficial Pleased to see Vini being given a chance but gutted that Toby is ill ğŸ˜
"like, what if...... ğŸ˜",Sun Mar 21 18:42:08 +0000 2021,,1373706507439644672,"like, what if...... ğŸ˜"
the way we were robbed of a romance there ğŸ˜,Sun Mar 21 18:42:08 +0000 2021,,1373706508819693586,@LadyLaveIlan the way we were robbed of a romance there ğŸ˜
my poor bebek looked so disappointed... ğŸ˜,Sun Mar 21 18:42:10 +0000 2021,,1373706518311407621,@Natt_natti89 my poor bebek looked so disappointed... ğŸ˜
your throne will not update biweekly anymore ğŸ˜,Sun Mar 21 18:42:10 +0000 2021,,1373706518466600966,your throne wonâ€™t update biweekly anymore ğŸ˜
2 mistakes 2 goals we made it so easy for Leicester ..our attitude is so poor no desire or hunger to get through ğŸ˜,Sun Mar 21 18:42:10 +0000 2021,,1373706518395166720,2 mistakes 2 goals we made it so easy for Leicester ..our attitude is so poor no desire or hunger to get through ğŸ˜
"I am Shaadi. Com for today, quote with your  picture that you going to put up for your rishtasğŸ’…ğŸ¥³ ğŸ’‹here is mine ğŸ˜ ",Sun Mar 21 18:42:11 +0000 2021,,1373706521033371648,"RT @idlisambharr: I am Shaadi. Com for today, quote with your  picture that u gonna put up for your rishtasğŸ’…ğŸ¥³ ğŸ’‹heres mine ğŸ˜ https://t.co/Tbâ€¦"
Lemme heal first. I am still hurt ğŸ˜,Sun Mar 21 18:42:11 +0000 2021,,1373706521360670728,@sandrahboateng Lemme heal first. Iâ€™m still hurt ğŸ˜
hello ğŸ˜,Sun Mar 21 18:42:22 +0000 2021,,1373706565719625729,hello ğŸ˜
i got an album today but i already want to buy another one ğŸ˜,Sun Mar 21 18:42:26 +0000 2021,,1373706584103260167,i got an album today but i already wanna buy another one ğŸ˜
I know ğŸ˜,Sun Mar 21 18:42:26 +0000 2021,,1373706585571221505,@Saint_Gerrard I know ğŸ˜
Mane this man so sexy ğŸ˜ #Tupac ,Sun Mar 21 18:42:28 +0000 2021,,1373706591678164994,Mane this man so sexy ğŸ˜ #Tupac https://t.co/Bxd4pqAqtA
Sad times ğŸ˜,Sun Mar 21 18:42:29 +0000 2021,,1373706597281632258,@LahkanYT Sad times ğŸ˜
I am so sorry! ğŸ˜ I am sending you and your family so much love right now ğŸ’—,Sun Mar 21 18:42:31 +0000 2021,,1373706606538543104,@obaneliastreet Iâ€™m so sorry! ğŸ˜ Iâ€™m sending you and your family so much love right now ğŸ’—
the introvert extrovert ship dynamic ğŸ˜,Sun Mar 21 18:42:36 +0000 2021,,1373706624217530370,@feigiro the introvert extrovert ship dynamic ğŸ˜
no that is so ğŸ˜,Sun Mar 21 18:42:38 +0000 2021,,1373706634611060738,@spitslut_ no thatâ€™s so ğŸ˜
Thank you ğŸ˜,Sun Mar 21 18:42:42 +0000 2021,,1373706649391792133,@Enibola1 Thank you ğŸ˜
I am eating til it is over ğŸ˜ last POV on ,Sun Mar 21 18:42:44 +0000 2021,,1373706657360920576,@BrazilianHoneyy Iâ€™m eating til itâ€™s over ğŸ˜ last POV on @WWENetwork
#week39  #RememberMyNoahğŸ’™ #NoahsArmyâš¡ï¸ #AVoiceForEveryChild  oh my heart ğŸ˜,Sun Mar 21 18:42:46 +0000 2021,,1373706667611852802,RT @_M_A_Z_Z_A: #week39  #RememberMyNoahğŸ’™ #NoahsArmyâš¡ï¸ #AVoiceForEveryChild  oh my heart ğŸ˜
I am so sorry Travis ğŸ˜ hugs â¤ï¸â¤ï¸â¤ï¸,Sun Mar 21 18:42:49 +0000 2021,,1373706681620697088,@cleerdesign Iâ€™m so sorry Travis ğŸ˜ hugs â¤ï¸â¤ï¸â¤ï¸
"I just can not see Man United get knocked out of another cup competition. The match for me is done.   Fred was bad. Collectively the whole back line was horrible.  Anyway, enjoy the break and come back stronger, I guess. ğŸ˜  #mufc #FACup",Sun Mar 21 18:42:52 +0000 2021,"I just can't see Man United get knocked out of another cup competition. The match for me is done. 

Fred was bad. Collectively the whole back line was horrible.

Anyway, enjoy the break and come back stronger, I guess.
ğŸ˜

#mufc #FACup",1373706691900928006,"I just can't see Man United get knocked out of another cup competition. The match for me is done. 

Fred was bad. Câ€¦ https://t.co/Fgmtb3trax"
"Hahahahahah so sweet of you ğŸ¥ºğŸ¥º, thankyou and yesss haar rhi hai ğŸ˜",Sun Mar 21 18:42:58 +0000 2021,,1373706716139905028,"@peshuntzero Hahahahahah so sweet of you ğŸ¥ºğŸ¥º, thankyou and yesss haar rhi hai ğŸ˜"
i want to be loved just like rapunzel is it too much to ask ğŸ˜,Sun Mar 21 18:42:58 +0000 2021,,1373706718996205572,i want to be loved just like rapunzel is it too much to ask ğŸ˜
Sorry I have been mia ğŸ˜ I have been putting together furniture and my lil pussy is sooo sore ,Sun Mar 21 18:43:01 +0000 2021,,1373706728903110658,RT @xailor_moon: Sorry Iâ€™ve been mia ğŸ˜ Iâ€™ve been putting together furniture and my lil pussy is sooo sore https://t.co/3ZCyVIO8N4
"I am watching Netflix, that is not how I ruin my weekend ğŸ˜",Sun Mar 21 18:43:02 +0000 2021,,1373706736507437060,"@OlawaleDs Iâ€™m watching Netflix, thatâ€™s not how I ruin my weekend ğŸ˜"
Horrified at all the dog thefts in Nottingham recently! I feel scared to take Fin out on my own at the minute ğŸ˜,Sun Mar 21 18:43:03 +0000 2021,,1373706740886278151,Horrified at all the dog thefts in Nottingham recently! I feel scared to take Fin out on my own at the minute ğŸ˜
I do not know if to be happy or sad ğŸ˜ congratulations to my Nigeria brother   I sorry for Man you,Sun Mar 21 18:43:04 +0000 2021,,1373706743876816902,I donâ€™t know if to be happy or sad ğŸ˜ congratulations to my Nigeria brother @67Kelechi  I sorry for Man U
I did on Wednesday... so sad ğŸ˜,Sun Mar 21 18:43:04 +0000 2021,,1373706745135124481,@ChojnackiMike I did on Wednesday... so sad ğŸ˜
miss them so much ğŸ˜ ,Sun Mar 21 18:43:08 +0000 2021,,1373706760775729152,@vantaedits @BTS_twt miss them so much ğŸ˜ https://t.co/i9n4vb2Sxb
ğŸ˜ hes so cool,Sun Mar 21 18:43:14 +0000 2021,,1373706785656352776,ğŸ˜ hes so cool
so sorry ğŸ˜,Sun Mar 21 18:43:15 +0000 2021,,1373706788080652291,@tinycomfy so sorry ğŸ˜
*whispers* 9th ğŸ˜,Sun Mar 21 18:43:17 +0000 2021,,1373706799472332810,@TheWordOfErynn *whispers* 9th ğŸ˜
i feel so sleepy but i have to stay up ğŸ˜ so I am going to stay here on twt for a bit ,Sun Mar 21 18:43:24 +0000 2021,,1373706826987012098,i feel so sleepy but i have to stay up ğŸ˜ so im gonna stay here on twt for a bit https://t.co/KW1QkCrOOX
that is a shame. ğŸ˜,Sun Mar 21 18:43:25 +0000 2021,,1373706831864926209,@AllThingsVicki Thatâ€™s a shame. ğŸ˜
going to play my cat game ğŸ˜,Sun Mar 21 18:43:25 +0000 2021,,1373706832024383493,going to play my cat game ğŸ˜
We have not had a government for the past 30 years  ğŸ˜,Sun Mar 21 18:43:26 +0000 2021,,1373706833957904386,@Makelifegreata2 @BitcoinMotorist We havenâ€™t had a government for the past 30 years  ğŸ˜
Sigh! ğŸ˜ ,Sun Mar 21 18:43:26 +0000 2021,,1373706834368888836,Sigh! ğŸ˜ https://t.co/AMd24EaGek
"Argh, so sorry to hear this, Pete. But yes, the screen time has been unreal. ğŸ˜",Sun Mar 21 18:43:34 +0000 2021,,1373706869265551368,"@DrPeteKirwan Argh, so sorry to hear this, Pete. But yes, the screen time has been unreal. ğŸ˜"
"Give his due, he is not a bigamist who locks people in attics. Low bar I know. Unfortunately, the extract thing has become something of a necessity with the time we have. I get 2 1/2 hours with year 9 and the 1/2 is last thing Friday after Art so is 15 mins really ğŸ˜",Sun Mar 21 18:43:36 +0000 2021,"@DiLeed @Soozmalooz1 @BarbaraBleiman @LNS_MissJ Give his due, he isnâ€™t a bigamist who locks people in attics. Low bar I know. Unfortunately, the extract thing has become something of a necessity with the time we have. I get 2 1/2 hours with year 9 and the 1/2 is last thing Friday after Art so is 15 mins really ğŸ˜",1373706878472032260,"@DiLeed @Soozmalooz1 @BarbaraBleiman @LNS_MissJ Give his due, he isnâ€™t a bigamist who locks people in attics. Low bâ€¦ https://t.co/fL9Aqoq8K4"
73% of all new cases in France are the Kent variant. Brought here after people travelled to the UK for Christmâ€¦,Sun Mar 21 18:43:37 +0000 2021,,1373706883689762823,RT @7691Toro: @MartinRemains 73% of all new cases in France are the Kent variant. Brought here after people travelled to the UK for Christmâ€¦
"Of course i know she is dead ğŸ˜ but i think all real fans chyna and the new generation mostly used instagram , her unique works should be taken to this new generation #rip_chyna #the9thwonderoftheworld",Sun Mar 21 18:43:38 +0000 2021,"@Samruss70462800 @ChynaJoanLaurer Of course i know she's dead ğŸ˜ but i think all real fans chyna and the new generation mostly used instagram , her unique works should be taken to this new generation #rip_chyna #the9thwonderoftheworld",1373706886680313863,"@Samruss70462800 @ChynaJoanLaurer Of course i know she's dead ğŸ˜ but i think all real fans chyna and the new generatâ€¦ https://t.co/3Kqdh5y5ks"
mine were all ugly apart from the last one then i find out he 18 ğŸ˜,Sun Mar 21 18:43:40 +0000 2021,,1373706894087483395,@bvnnyu @88iines mine were all ugly apart from the last one then i find out he 18 ğŸ˜
Completely agree! So time consuming it is actually exhausting ğŸ˜,Sun Mar 21 18:43:41 +0000 2021,,1373706899128995844,@miss_mayne91 Completely agree! So time consuming itâ€™s actually exhausting ğŸ˜
Aw I never had the opportunity to visit before Katrina ğŸ˜,Sun Mar 21 18:43:43 +0000 2021,,1373706905575682048,@b_blackheart Aw I never had the opportunity to visit before Katrina ğŸ˜
Ohoo can not dm since your acc is private. ğŸ˜,Sun Mar 21 18:43:50 +0000 2021,,1373706934461759492,@thatxadriana Ohoo cant dm since your acc is private. ğŸ˜
Watching tarantula feeding videos now wants me to hold one ğŸ˜ I love them.,Sun Mar 21 18:43:50 +0000 2021,,1373706934960934912,Watching tarantula feeding videos now wants me to hold one ğŸ˜ I love them.
So mad and upset!!! From a high point last week to a extremely low point this week ğŸ˜ man I really felt we were going to make a run!,Sun Mar 21 18:43:52 +0000 2021,@Fan_Prspective @YouTube So mad and upset!!! From a high point last week to a extremely low point this week ğŸ˜ man I really felt we were going to make a run!,1373706943680892933,@Fan_Prspective @YouTube So mad and upset!!! From a high point last week to a extremely low point this week ğŸ˜ man Iâ€¦ https://t.co/7j4pjX9Bun
#WWEFastlane predictions! The last pay-per-view on the #WWENetwork ğŸ˜ #Edge #RomanReigns #DanielBryan #AlexaBliss #Sashâ€¦,Sun Mar 21 18:43:54 +0000 2021,,1373706951826288643,RT @1broodingmisfit: #WWEFastlane predictions! The last pay-per-view on the #WWENetwork ğŸ˜ #Edge #RomanReigns #DanielBryan #AlexaBliss #Sashâ€¦
Craving some spicy ass crawfish ğŸ˜,Sun Mar 21 18:44:01 +0000 2021,,1373706981630959616,Craving some spicy ass crawfish ğŸ˜
"What happened Armchair Manager , I saw you slagging your team off again so I presume you lost ğŸ˜ ğŸ˜‚ğŸ˜‚",Sun Mar 21 18:44:02 +0000 2021,,1373706986404122624,"@herronaitor What happened Armchair Manager , I saw you slagging your team off again so I presume you lost ğŸ˜ ğŸ˜‚ğŸ˜‚"
I do not want to wear a bra but this breeze making my nipples hurt ğŸ˜,Sun Mar 21 18:44:03 +0000 2021,,1373706988694212611,I donâ€™t wanna wear a bra but this breeze making my nipples hurt ğŸ˜
I hate this feeling ğŸ˜,Sun Mar 21 18:44:03 +0000 2021,,1373706989809893380,I hate this feeling ğŸ˜
look here ğŸ˜,Sun Mar 21 18:44:07 +0000 2021,,1373707007711150087,@claudiadinis98 look here ğŸ˜
Been there. I am so sorry. ğŸ˜,Sun Mar 21 18:44:07 +0000 2021,,1373707009527316483,@_RobertSchultz Been there. I am so sorry. ğŸ˜
i already got the wooyoung center part down ğŸ˜,Sun Mar 21 18:44:20 +0000 2021,,1373707063021436933,i already got the wooyoung center part down ğŸ˜
i have so much love for him help ğŸ˜   ğŸ’œ,Sun Mar 21 18:44:24 +0000 2021,,1373707080637456384,"i have so much love for him help ğŸ˜

@BTS_twt ğŸ’œ"
I think I am lawful neutral or lawful good ğŸ˜,Sun Mar 21 18:44:26 +0000 2021,,1373707088350810117,@pattnotpratt I think Iâ€™m lawful neutral or lawful good ğŸ˜
"But they will not be too upset because 'at least they have been jabbed' Society is sick ğŸ˜",Sun Mar 21 18:44:30 +0000 2021,,1373707103559413764,"@JamesMelville But they won't be too upset because 'at least they've been jabbed'
Society is sick ğŸ˜"
my favourite taehyung boba compilation look at him hes just floating in the water ğŸ˜ ,Sun Mar 21 18:44:30 +0000 2021,,1373707105715228673,RT @vantetum: my favourite taehyung boba compilation look at him hes just floating in the water ğŸ˜ https://t.co/bemf7FQR0m
I wish I knew how to brush off criticism from others and completely let it go. ğŸ˜,Sun Mar 21 18:44:31 +0000 2021,,1373707109091704839,I wish I knew how to brush off criticism from others and completely let it go. ğŸ˜
I have an implant in my arm so this man could freely nut in me and he wants to call me crazy ğŸ˜,Sun Mar 21 18:44:32 +0000 2021,,1373707110337241090,RT @theonlydreyahh: I have an implant in my arm so this man could freely nut in me and he wants to call me crazy ğŸ˜
everything reminds me of him ğŸ˜,Sun Mar 21 18:44:32 +0000 2021,,1373707110962372608,RT @kthyaz: everything reminds me of him ğŸ˜
I LOVE the performance of this song in the wonderland tour. Why the tour is not on dvd ? ğŸ˜  ,Sun Mar 21 18:44:34 +0000 2021,,1373707122421141509,@HowardDonald I LOVE the performance of this song in the wonderland tour. Why the tour is not on dvd ? ğŸ˜ @GaryBarlow @OfficialMarkO
it is impossible to get anyone to take my pain seriously and I am worried ğŸ˜,Sun Mar 21 18:44:35 +0000 2021,,1373707126116290563,Itâ€™s impossible to get anyone to take my pain seriously and Iâ€™m worried ğŸ˜
Not so #disappointed. Ole need not rotate team so badly. #MUFC.,Sun Mar 21 18:44:39 +0000 2021,,1373707142969057280,Not so #disappointed. Ole need not rotate team so badly. #MUFC.
I love daffodils. I have the same childhood memories of them - my late mumâ€™s favourite ğŸ˜ we she used to had them lining up our flowerbeds.   Every year I buy some to brighten the room. ,Sun Mar 21 18:44:40 +0000 2021,"@Look_its_Rhonda I love daffodils. I have the same childhood memories of them - my late mumâ€™s favourite ğŸ˜ we she used to had them lining up our flowerbeds. 

Every year I buy some to brighten the room. https://t.co/uyE9LzhCDm",1373707144093044737,@Look_its_Rhonda I love daffodils. I have the same childhood memories of them - my late mumâ€™s favourite ğŸ˜ we she usâ€¦ https://t.co/IdbmZTUCPO
I indeed used Aztec clay but it was not good for me as it was too abrasive on my skin. I bled a lot. ğŸ˜ I also hmuse  that actually is thee best moisturizer I have ever used in my life. I wish they made one for all over the body cuz I be ashy lol. I tried...,Sun Mar 21 18:44:45 +0000 2021,@SherryAmor12 I indeed used Aztec clay but it wasnâ€™t good for me as it was too abrasive on my skin. I bled a lot. ğŸ˜ I also hmuse @BASEBUTTER that actually is thee best moisturizer ive ever used in my life. I wish they made one for all over the body cuz I be ashy lol. I tried...,1373707166176178188,@SherryAmor12 I indeed used Aztec clay but it wasnâ€™t good for me as it was too abrasive on my skin. I bled a lot. ğŸ˜â€¦ https://t.co/UOA97PM5KS
ğŸ˜‚ğŸ˜‚ğŸ˜‚ğŸ˜‚ğŸ˜‚ğŸ˜‚ğŸ˜‚ğŸ˜‚ğŸ˜‚ğŸ˜‚ shade,Sun Mar 21 18:44:45 +0000 2021,,1373707168847958018,ğŸ˜‚ğŸ˜‚ğŸ˜‚ğŸ˜‚ğŸ˜‚ğŸ˜‚ğŸ˜‚ğŸ˜‚ğŸ˜‚ğŸ˜‚ shade
I know truth hurts ğŸ˜,Sun Mar 21 18:44:47 +0000 2021,,1373707174195642375,I know truth hurts ğŸ˜
can not you just realise Ole can not take this team anywhere close to winning a trophy? Just get rid of him. it is heart breaking ğŸ˜,Sun Mar 21 18:44:50 +0000 2021,,1373707189941075974,"@ManUtd can't you just realise Ole can't take this team anywhere close to winning a trophy? Just get rid of him. It's heart breaking ğŸ˜"
so true bff it sus 3 of my accounts ğŸ˜,Sun Mar 21 18:44:53 +0000 2021,,1373707199281655809,@rithstae so true bff it sus 3 of my accounts ğŸ˜
same thing happens to me ğŸ˜ BUT AAAH,Sun Mar 21 18:44:54 +0000 2021,,1373707204361129988,@hwastarzz same thing happens to me ğŸ˜ BUT AAAH
Bet those citiesâ€™ Mayors will not have the courage to do so ğŸ˜  Looking at you southern and midwestern cities.,Sun Mar 21 18:44:56 +0000 2021,,1373707212342882304,"@notdanilu Bet those citiesâ€™ Mayors wonâ€™t have the courage to do so ğŸ˜

Looking at you southern and midwestern cities."
me too ğŸ˜,Sun Mar 21 18:44:56 +0000 2021,,1373707213877997570,@iBiteChoso me too ğŸ˜
So true ....Missing you Mommy ğŸ˜¢ ğŸ˜ ,Sun Mar 21 18:44:57 +0000 2021,,1373707218210713604,So true ....Missing you Mommy ğŸ˜¢ ğŸ˜ https://t.co/0WEkhZyI7D
the damage has been done ğŸ˜,Sun Mar 21 18:44:58 +0000 2021,,1373707219745771522,@UnitedStandMUFC the damage has been done ğŸ˜
"This is going to be a long week  , ğŸ˜ .",Sun Mar 21 18:45:00 +0000 2021,,1373707229518561287,"@Newzroom405 This is going to be a long week  , ğŸ˜ ."
I LOVE you SO MUCH MORE ğŸ˜,Sun Mar 21 18:45:00 +0000 2021,,1373707230588063745,@mililuzi I LOVE U SO MUCH MORE ğŸ˜
See.. I would but we have the same owner and she would be very unpleased and uhhh that is my brother ğŸ˜¬ğŸ˜¬ but I am probably going to get steppies anyway ğŸ˜,Sun Mar 21 18:45:03 +0000 2021,"@TheWiseFool8 @ShinobiOwl97 See.. I would but we have the same owner and she would be very unpleased and uhhh that's my brother ğŸ˜¬ğŸ˜¬ but im probably gonna get steppies anyway ğŸ˜",1373707243913367552,"@TheWiseFool8 @ShinobiOwl97 See.. I would but we have the same owner and she would be very unpleased and uhhh that'â€¦ https://t.co/AEBARAsFU7"
Homero GÃ³mez GonzÃ¡lez spent years trying to protect the monarch butterfly from loggers and criminal groups in MichoacÃ¡nâ€¦,Sun Mar 21 18:45:08 +0000 2021,,1373707263349772289,RT @miblogestublog: Homero GÃ³mez GonzÃ¡lez spent years trying to protect the monarch butterfly from loggers and criminal groups in MichoacÃ¡nâ€¦
I hemorrhaged and had to have an emergency D&amp;C and blood transfusions (I had told nurses that I was bleeding heavily but they gave me a Valium and sent me home) 4 days in intensive care and my baby had to jump to bottle feeding. ğŸ˜,Sun Mar 21 18:45:09 +0000 2021,I hemorrhaged and had to have an emergency D&amp;C and blood transfusions (I had told nurses that I was bleeding heavily but they gave me a Valium and sent me home) 4 days in intensive care and my baby had to jump to bottle feeding. ğŸ˜,1373707266608742400,I hemorrhaged and had to have an emergency D&amp;C and blood transfusions (I had told nurses that I was bleeding heavilâ€¦ https://t.co/gobtmum694
March Madness is heartbreaking ğŸ˜,Sun Mar 21 18:45:09 +0000 2021,,1373707269087453184,March Madness is heartbreaking ğŸ˜
jinsoul here ğŸ˜ ,Sun Mar 21 18:45:12 +0000 2021,,1373707278826672130,jinsoul here ğŸ˜ https://t.co/rnaNMzzFjU
We all do ğŸ˜,Sun Mar 21 18:45:13 +0000 2021,,1373707285680295936,@JustAnLED We all do ğŸ˜
no clue i just do not want to hurt her feelings ğŸ˜,Sun Mar 21 18:45:14 +0000 2021,,1373707287278149633,@wahrya no clue i just donâ€™t wanna hurt her feelings ğŸ˜
Mourinho benched my FPL captain ğŸ˜ I hope Spurs get destroyed,Sun Mar 21 18:45:18 +0000 2021,,1373707305359933442,Mourinho benched my FPL captain ğŸ˜ I hope Spurs get destroyed
yea this one ğŸ˜,Sun Mar 21 18:45:21 +0000 2021,,1373707318966239234,@olbwtm @bvnnyu @88iines yea this one ğŸ˜
it helps ease the pain ğŸ˜,Sun Mar 21 18:45:24 +0000 2021,,1373707329695277056,@kyumverse it helps ease the pain ğŸ˜
"I just saw what you said on Tomâ€™s new vlog about lockdown getting to you ğŸ˜ I absolutely feel you and just want to send you a big hug! it is really tough but hopefully we are starting to see some light ahead ğŸ™ Lots of love, we will always be here for you ğŸ’™ğŸ’™ğŸ’™",Sun Mar 21 18:45:27 +0000 2021,"@DLanceBlack I just saw what you said on Tomâ€™s new vlog about lockdown getting to you ğŸ˜ I absolutely feel you and just want to send you a big hug! Itâ€™s really tough but hopefully weâ€™re starting to see some light ahead ğŸ™ Lots of love, weâ€™ll always be here for you ğŸ’™ğŸ’™ğŸ’™",1373707343821737984,@DLanceBlack I just saw what you said on Tomâ€™s new vlog about lockdown getting to you ğŸ˜ I absolutely feel you and jâ€¦ https://t.co/BotND4HPVM
I am broken ğŸ˜,Sun Mar 21 18:45:31 +0000 2021,,1373707358069649413,Iâ€™m broken ğŸ˜
I see so many people rooting their risk assessment in death â€” not taking the myriad of debilitating long-term complicationsâ€¦,Sun Mar 21 18:45:34 +0000 2021,,1373707370728153090,RT @iansaint_: I see so many people rooting their risk assessment in death â€” not taking the myriad of debilitating long-term complicationsâ€¦
"that is because you have not played Wizard's Tower yet. Although it too sadly needs to be in person ğŸ˜",Sun Mar 21 18:45:35 +0000 2021,,1373707375379615745,"@ghirapurigears That's because you haven't played Wizard's Tower yet. Although it too sadly needs to be in person ğŸ˜"
i miss tenyang hotel room ig lives ğŸ˜ ,Sun Mar 21 18:45:41 +0000 2021,,1373707401451470850,RT @LYYFEED: i miss tenyang hotel room ig lives ğŸ˜ https://t.co/TbpVdFaIzA
Under another big stone but Mum said enough ğŸ˜,Sun Mar 21 18:45:41 +0000 2021,,1373707402084761606,@HautDominique Under another big stone but Mum said enough ğŸ˜
Sorry to hear this. ğŸ˜,Sun Mar 21 18:45:42 +0000 2021,,1373707406295842819,@thereelseal Sorry to hear this. ğŸ˜
Wounded ğŸ˜,Sun Mar 21 18:45:44 +0000 2021,,1373707415279968256,@Miss_Dalisa Wounded ğŸ˜
this is so sad omg dm whenever you need help w that ğŸ˜ ,Sun Mar 21 18:45:46 +0000 2021,,1373707420967432192,@7ntheaven this is so sad omg dm whenever you need help w that ğŸ˜ https://t.co/Fcy4gsn9SU
Haye do not remind me. ğŸ˜,Sun Mar 21 18:45:47 +0000 2021,,1373707428529725440,@laaleen @Kschessinska_M Haye donâ€™t remind me. ğŸ˜
i feel so sad looking at it ğŸ˜ why can not anyone look at me like that ğŸ˜©,Sun Mar 21 18:45:48 +0000 2021,,1373707430740246528,"@DSCWRLDS i feel so sad looking at it ğŸ˜ why can't anyone look at me like that ğŸ˜©"
ako clout chaser ğŸ˜,Sun Mar 21 18:45:48 +0000 2021,,1373707431256068098,@seonghwahrs ako clout chaser ğŸ˜
sorry ğŸ˜,Sun Mar 21 18:45:52 +0000 2021,,1373707449211838464,@erenpegger sorry ğŸ˜
"An apology is so damn called for rn, but I do not think it will be likely or genuine. Crossing that many lines with so-called 'jokes' can not get solved with just an apology either ğŸ˜",Sun Mar 21 18:45:54 +0000 2021,"@fukagamine @INKUYOSGONE An apology is so damn called for rn, but I dont think it'll be likely or genuine. Crossing that many lines with so-called 'jokes' cant get solved with just an apology either ğŸ˜",1373707457197862913,"@fukagamine @INKUYOSGONE An apology is so damn called for rn, but I dont think it'll be likely or genuine. Crossingâ€¦ https://t.co/VdaOiiKRmQ"
I wish this is how smilers would rank Hate Me if they do not like it instead of saying it is the â€œworst songâ€ on PH. ğŸ˜,Sun Mar 21 18:45:55 +0000 2021,,1373707461694124033,I wish this is how smilers would rank Hate Me if they donâ€™t like it instead of saying itâ€™s the â€œworst songâ€ on PH. ğŸ˜
"On a Sunday, you just have to feel for Joc ğŸ˜",Sun Mar 21 18:45:59 +0000 2021,,1373707478941245447,"On a Sunday, you just have to feel for Joc ğŸ˜"
I think it is sad reality ğŸ˜,Sun Mar 21 18:46:01 +0000 2021,,1373707486537089031,"@MuzamilJunejo4 @Shareef_HogaTu I think it's sad reality ğŸ˜"
"Looking to rewatch some old black movies from the 90s ; Above the Rim, Higher Learning, White men can not jump, Low down dirty Shame, Menace II Society, New Jack City etc  can not find any on Netflix ğŸ˜",Sun Mar 21 18:46:02 +0000 2021,"Looking to rewatch some old black movies from the 90s ; Above the Rim, Higher Learning, White men canâ€™t jump, Low down dirty Shame, Menace II Society, New Jack City etc

Canâ€™t find any on Netflix ğŸ˜",1373707491784146945,"Looking to rewatch some old black movies from the 90s ; Above the Rim, Higher Learning, White men canâ€™t jump, Low dâ€¦ https://t.co/KXRKMNTynr"
jaehyun and jungwoo are the cutest when they are happy ğŸ˜ ,Sun Mar 21 18:46:10 +0000 2021,,1373707523623059456,RT @flirtywoos: jaehyun and jungwoo are the cutest when theyâ€™re happy ğŸ˜ https://t.co/YUgKg3PE16
everything i want to eat i can not ğŸ˜,Sun Mar 21 18:46:11 +0000 2021,,1373707527263686658,everything i wanna eat i cant ğŸ˜
I am sad ğŸ˜ and i want mariscos,Sun Mar 21 18:46:11 +0000 2021,,1373707529239195648,Im sad ğŸ˜ and i want mariscos
"Yeah, the highest has ever been ğŸ˜",Sun Mar 21 18:46:25 +0000 2021,,1373707585140981761,"@faithvalntyne25 Yeah, the highest has ever been ğŸ˜"
"i been telling her, but she do not listen ğŸ˜",Sun Mar 21 18:46:26 +0000 2021,,1373707591210045441,"@AdoreYouCherry @tbslmelody i been telling her, but she don't listen ğŸ˜"
Yes madam ğŸ˜,Sun Mar 21 18:46:39 +0000 2021,,1373707645006254083,@ShaunnaAllicia Yes maâ€™am ğŸ˜
it is awful howâ€¦,Sun Mar 21 18:46:43 +0000 2021,,1373707663285059592,"RT @Anakerie: @R5Eileen @RieMcAz @12Tulip3 @DallasDietzenba @xrayrox @NuggetScrapper @TroyPittman1 @KarenGravel @LissaThinks It's awful howâ€¦"
anyone want a lukai thread? I am seeing a lot of them and I miss them ğŸ˜ ,Sun Mar 21 18:46:44 +0000 2021,,1373707664287526917,anyone want a lukai thread? Im seeing a lot of them and I miss them ğŸ˜ https://t.co/O07Fulx8Gl
Lisa who have 48.2M followers on Instagram but bully one of the trainee in front of a lot people just because he is balâ€¦,Sun Mar 21 18:46:50 +0000 2021,,1373707690631950345,RT @selfcontrolbish: Lisa who have 48.2M followers on Instagram but bully one of the trainee in front of a lot people just because heâ€™s balâ€¦
i just thought about how funny it would be to get in a nonserious argument with joon about some logical topic and disagree with him just to annoy him ğŸ˜,Sun Mar 21 18:46:54 +0000 2021,i just thought about how funny it would be to get in a nonserious argument with joon about some logical topic and disagree with him just to annoy him ğŸ˜,1373707709963509764,i just thought about how funny it would be to get in a nonserious argument with joon about some logical topic and dâ€¦ https://t.co/OVGxv9MPtL
I grew up with Snoofy now I feel like there is no more purpose in life. did not realise how much of my happiness depended on him. ğŸ˜,Sun Mar 21 18:46:59 +0000 2021,,1373707730515468288,I grew up with Snoofy now I feel like thereâ€™s no more purpose in life. Didnâ€™t realise how much of my happiness depended on him. ğŸ˜
"New dialogue: Realizations   Later...  Babs: â€œit is your lucky day, Tom! here is your invitation to the masked ball for tonighâ€¦",Sun Mar 21 18:47:02 +0000 2021,,1373707739478818820,"RT @ItsRudely: New dialogue: Realizations 

Later...

Babs: â€œItâ€™s your lucky day, Tom! Hereâ€™s your invitation to the masked ball for tonighâ€¦"
getting up now ig... ğŸ˜ ,Sun Mar 21 18:47:02 +0000 2021,,1373707743157125120,getting up now ig... ğŸ˜ https://t.co/BUla9XW8a5
"This needs sorting NOW. No equality,  no impact assessment. No thought for  the women in this decade getting extra 6 yâ€¦",Sun Mar 21 18:47:04 +0000 2021,,1373707749368926211,"RT @DianaEverington: This needs sorting NOW. No equality,  no impact assessment. No thought for  the women in this decade getting extra 6 yâ€¦"
I am getting more ia every day sighs school ğŸ˜,Sun Mar 21 18:47:04 +0000 2021,,1373707749939417090,@jwyeos im getting more ia every day sighs school ğŸ˜
this is literally me ğŸ˜,Sun Mar 21 18:47:05 +0000 2021,,1373707753479364611,@magicposh this is literally me ğŸ˜
It was the plenty of fish ğŸ  lad .. he messaged me saying I am unfollowing you because of your terrible ğŸ˜ typos and blocked me xğŸ¤£â¤ï¸ğŸ¤£â¤ï¸ğŸ¤£,Sun Mar 21 18:47:06 +0000 2021,@pourmeavino It was the plenty of fish ğŸ  lad .. he messaged me saying Iâ€™m unfollowing you because of your terrible ğŸ˜ typos and blocked me xğŸ¤£â¤ï¸ğŸ¤£â¤ï¸ğŸ¤£,1373707758982328330,@pourmeavino It was the plenty of fish ğŸ  lad .. he messaged me saying Iâ€™m unfollowing you because of your terribleâ€¦ https://t.co/jUHX4MqwC6
do not want this guy to go man ğŸ˜,Sun Mar 21 18:47:08 +0000 2021,,1373707766880215047,Donâ€™t want this guy to go man ğŸ˜
I am so sorry ğŸ˜,Sun Mar 21 18:47:12 +0000 2021,,1373707783833587722,@lockwoodx3 Iâ€™m so sorry ğŸ˜
Disappointed is an understatement ğŸ˜,Sun Mar 21 18:47:20 +0000 2021,,1373707816775643141,Disappointed is an understatement ğŸ˜
"Up to date success No UNC's ğŸ˜           â€¦",Sun Mar 21 18:47:20 +0000 2021,,1373707817253756937,"RT @Bluntcuts: Up to date success
No UNC's ğŸ˜

@JuicedGroup @ProphetsGroup @JeeshmojiFNF 
@balkobot @VeloxBots 
@purplapps 
@VillainProxiesâ€¦"
I am still thinking of making one ğŸ˜ .,Sun Mar 21 18:47:20 +0000 2021,,1373707819065638912,@silvygguk im still thinking of making one ğŸ˜ .
Sigh ğŸ˜ why  ğŸ’”,Sun Mar 21 18:47:33 +0000 2021,,1373707871087628294,Sigh ğŸ˜ why @ManUtd ğŸ’”
what a missed opportunity for a mini game ğŸ˜ ,Sun Mar 21 18:47:34 +0000 2021,,1373707874313076740,RT @fenhosk: what a missed opportunity for a mini game ğŸ˜ https://t.co/rta9VNgvts
it is like rations ğŸ˜,Sun Mar 21 18:47:38 +0000 2021,,1373707893434892293,@TheSilencer170 Itâ€™s like rations ğŸ˜
Should have been at Villa park tonight with  . ğŸ˜,Sun Mar 21 18:47:46 +0000 2021,,1373707924195971077,Should have been at Villa park tonight with @flynnie_10 . ğŸ˜
I love to play with my nipple. But they are soo sensitive ğŸ˜ Maybeee lick them ? ğŸ˜ˆ  Full video â¬‡ï¸â¬‡ï¸â¬‡ï¸ ,Sun Mar 21 18:47:48 +0000 2021,,1373707936061591554,"RT @TwinkyRiki: I love to play with my nipple. But they are soo sensitive ğŸ˜ Maybeee lick them ? ğŸ˜ˆ

Full video
â¬‡ï¸â¬‡ï¸â¬‡ï¸
https://t.co/p2TFeZ1cNâ€¦"
After the week Rangers Football Club has had he chooses this language?  and  were immaculate today in their show of respect and then you get this clown? I am sickened ğŸ˜,Sun Mar 21 18:47:51 +0000 2021,"After the week Rangers Football Club has had he chooses this language? @RangersFC and @CelticFC were immaculate today in their show of respect and then you get this clown? I'm sickened ğŸ˜",1373707945888858112,After the week Rangers Football Club has had he chooses this language? @RangersFC and @CelticFC were immaculate todâ€¦ https://t.co/YZQ0P3HC8x
I wanted to go get fair food today ğŸ˜,Sun Mar 21 18:47:51 +0000 2021,,1373707948002664448,I wanted to go get fair food today ğŸ˜
when i come back I will have to work hard to be seen ğŸ˜,Sun Mar 21 18:47:53 +0000 2021,,1373707954361274372,when i come back iâ€™ll have to work hard to be seen ğŸ˜
lord knows I would give anything to get you back ğŸ˜ this life shit hard without you man,Sun Mar 21 18:47:56 +0000 2021,,1373707967896330240,lord knows Iâ€™d give anything to get you back ğŸ˜ this life shit hard without you man
"Omg same with me starting FFXV around april last year, playing that while waiting for maghrib to come. That was one of the (few) happiest moments in 2020 ğŸ˜",Sun Mar 21 18:47:56 +0000 2021,"@fffy29 Omg same with me starting FFXV around april last year, playing that while waiting for maghrib to come. That was one of the (few) happiest moments in 2020 ğŸ˜",1373707968030535681,"@fffy29 Omg same with me starting FFXV around april last year, playing that while waiting for maghrib to come. Thatâ€¦ https://t.co/QWlSDtjQYs"
IG I should coz she is been telling me how mean I am ğŸ˜,Sun Mar 21 18:48:02 +0000 2021,,1373707993557000195,@pinksfureva IG I should coz sheâ€™s been telling me how mean I am ğŸ˜
Very sad ğŸ˜ ğŸ¤” did you give it a look over for anything cool?,Sun Mar 21 18:48:04 +0000 2021,,1373708000691621890,@TheReremouse Very sad ğŸ˜ ğŸ¤” did you give it a look over for anything cool?
And the Colombian military murdered 6402 innocent civilians and passed them as guerrillas between the years 2002 - 2008.   I can not accept there is nothing to do though; while also thinking â€˜gtfoâ€™ like you did.  I clearly do not have the answers ğŸ˜,Sun Mar 21 18:48:09 +0000 2021,"@r3c1d1v1st @THEDOOMCANNON And the Colombian military murdered 6402 innocent civilians and passed them as guerrillas between the years 2002 - 2008. 

I canâ€™t accept thereâ€™s nothing to do though; while also thinking â€˜gtfoâ€™ like you did.

I clearly donâ€™t have the answers ğŸ˜",1373708022938279945,@r3c1d1v1st @THEDOOMCANNON And the Colombian military murdered 6402 innocent civilians and passed them as guerrillaâ€¦ https://t.co/vylLqCBOrF
Sorry ğŸ˜,Sun Mar 21 18:48:11 +0000 2021,,1373708030710325251,@its_lisle Sorry ğŸ˜
Is it okay 2 tell me which artist did it this time? I do not want to support them ğŸ˜,Sun Mar 21 18:48:13 +0000 2021,,1373708037635067907,"@emmaouev2 Is it okay 2 tell me which artist did it this time? I don't wanna support them ğŸ˜"
that is why I have never done one ğŸ˜,Sun Mar 21 18:48:19 +0000 2021,,1373708065694973959,@ehthraa thats why ive never done one ğŸ˜
Yeah that is sad and makes it harder for people to trust and want to help others in the future. ğŸ˜,Sun Mar 21 18:48:19 +0000 2021,,1373708065946664965,@mistressc1 Yeah that is sad and makes it harder for people to trust and want to help others in the future. ğŸ˜
"Whose using your bro! I will hunt them down , how dare they! I do not want you being sad ğŸ˜",Sun Mar 21 18:48:22 +0000 2021,,1373708078885969921,"@earthclown88 Whose using your bro! Iâ€™ll hunt them down , how dare they! I donâ€™t want you being sad ğŸ˜"
I want to be hot and rich ğŸ˜,Sun Mar 21 18:48:23 +0000 2021,,1373708080538656769,I want to be hot and rich ğŸ˜
"Well played #LCFC, deserved the win, though still gutted ğŸ˜ #itsonlyagame",Sun Mar 21 18:48:25 +0000 2021,,1373708089476616195,"Well played #LCFC, deserved the win, though still gutted ğŸ˜ #itsonlyagame"
Not a kid. Especially when 12 year old Tamir was a man.,Sun Mar 21 18:48:26 +0000 2021,,1373708095424233486,RT @HardBristle: Not a kid. Especially when 12 year old Tamir was a man.
Still gutted I accidentally ordered Charlottes not Lady Christl ğŸ¥” ğŸ˜ ,Sun Mar 21 18:48:37 +0000 2021,,1373708138705223685,@HeadGardenerLC Still gutted I accidentally ordered Charlottes not Lady Christl ğŸ¥” ğŸ˜ https://t.co/rWWnzQ9L4v
I am truly terrible ğŸ˜,Sun Mar 21 18:48:41 +0000 2021,,1373708157638356999,"@eulogaeic I'm truly terrible ğŸ˜"
what a nightmare ğŸ˜,Sun Mar 21 18:48:41 +0000 2021,,1373708158556909569,what a nightmare ğŸ˜
but you said my tweet was funny ğŸ˜ ,Sun Mar 21 18:48:45 +0000 2021,,1373708171496325122,but you said my tweet was funny ğŸ˜ https://t.co/bm74lycOf1
"Yeen wife waking you up on a Sunday morning What nerve, it is a weekend! ğŸ˜ #nsfw ",Sun Mar 21 18:48:46 +0000 2021,,1373708176206467081,"RT @SnapshotsTami: Yeen wife waking you up on a Sunday morning
What nerve, it's a weekend! ğŸ˜
#nsfw https://t.co/9skj20KbKp"
"If you say he can not be alone with your kids that means he is super close to you... he should not even have privileges of seeing your kids or you period, he does not deserve that!!   Speak up sis find strength, he is probably done this to others close to you. You would be surprised ğŸ˜",Sun Mar 21 18:48:50 +0000 2021,"@KhuzwayoManiza @Hlehle_Lupindo If you say he canâ€™t be alone with your kids that means heâ€™s super close to you... he shouldnâ€™t even have privileges of seeing your kids or you period, he doesnâ€™t deserve that!! 

Speak up sis find strength, heâ€™s probably done this to others close to you. You would be surprised ğŸ˜",1373708195605135364,@KhuzwayoManiza @Hlehle_Lupindo If you say he canâ€™t be alone with your kids that means heâ€™s super close to you... hâ€¦ https://t.co/iyB2acYUUX
I want ğŸ˜,Sun Mar 21 18:48:51 +0000 2021,,1373708200416006151,RT @_sheDT: I want ğŸ˜
Already have no alcohol!  Cheese... I am from the Cheese State. ğŸ˜   ğŸ§€,Sun Mar 21 18:48:56 +0000 2021,,1373708220829724683,"@GetRichWithMe91 Already have no alcohol!

Cheese... Iâ€™m from the Cheese State. ğŸ˜ 

ğŸ§€"
#refund still have not received any answer to my request for refund of my flight #disappointed. Working all year in healthcare fighting #COVID19 #notime to keep calling and mailing! Want my refund #now,Sun Mar 21 18:48:56 +0000 2021,@tapairportugal #refund still havenâ€™t received any answer to my request for refund of my flight #disappointed. Working all year in healthcare fighting #COVID19 #notime to keep calling and mailing! Want my refund #now,1373708220779356166,@tapairportugal #refund still havenâ€™t received any answer to my request for refund of my flight #disappointed. Workâ€¦ https://t.co/8IcOWw37qN
Just as bad or even worse ğŸ˜,Sun Mar 21 18:48:57 +0000 2021,,1373708222637432839,@_Sowellsista_ Just as bad or even worse ğŸ˜
I am SO SAD ğŸ˜,Sun Mar 21 18:49:02 +0000 2021,,1373708244032573442,@neozmaid IM SO SAD ğŸ˜
can you tag this as niko do not look next time ğŸ˜,Sun Mar 21 18:49:04 +0000 2021,,1373708252207276032,@SPARKXIIII can u tag this as niko dont look next time ğŸ˜
Sorry for my inactivity ğŸ˜  Snoopy was naughty.    You vote how long snoppy will stay locked after more than 2 months ofâ€¦,Sun Mar 21 18:49:04 +0000 2021,,1373708253796917254,"RT @little_snoppy: Sorry for my inactivity ğŸ˜ 
Snoopy was naughty.  

You vote how long snoppy will stay locked after more than 2 months ofâ€¦"
leave her bro right now,Sun Mar 21 18:49:05 +0000 2021,,1373708255558524935,leave her bro right now
So sad ğŸ˜,Sun Mar 21 18:49:05 +0000 2021,,1373708256154161162,@AviadZafrirWWE So sad ğŸ˜
"Sadly, no ğŸ˜",Sun Mar 21 18:49:15 +0000 2021,,1373708298906648576,"@RomanHasCome Sadly, no ğŸ˜"
My little sister bullies me for having a crush on yelena ğŸ˜,Sun Mar 21 18:49:16 +0000 2021,,1373708303197368320,My little sister bullies me for having a crush on yelena ğŸ˜
Play Gabe Vincent over Duncan and bring Struss in for Kelly gosh ğŸ˜,Sun Mar 21 18:49:21 +0000 2021,,1373708322780614663,@MiamiHEAT Play Gabe Vincent over Duncan and bring Struss in for Kelly gosh ğŸ˜
I would let her ruin me ğŸ˜ ,Sun Mar 21 18:49:21 +0000 2021,,1373708323476926473,Iâ€™d let her ruin me ğŸ˜ https://t.co/I360se5tVD
I miss making videos and blogging properly ğŸ˜– but I can lowkey barely cope with uni work with the way things are right now ğŸ˜,Sun Mar 21 18:49:22 +0000 2021,,1373708330200408070,I miss making videos and blogging properly ğŸ˜– but I can lowkey barely cope with uni work with the way things are right now ğŸ˜
sana is so amazing i love her sm ğŸ˜,Sun Mar 21 18:49:23 +0000 2021,,1373708331802501120,sana is so amazing i love her sm ğŸ˜
Got to be honest.... can not believe Ole put a weaker side out against Leicester in the quarter final of the FA cup ğŸ˜,Sun Mar 21 18:49:24 +0000 2021,,1373708338823856132,Got to be honest.... canâ€™t believe Ole put a weaker side out against Leicester in the quarter final of the FA cup ğŸ˜
heads up i platonically flirt &amp; tease a lot so if ur uncomfortable with my sexual jokes this might be the time to unfollow ğŸ˜ do not say i did not warn you ,Sun Mar 21 18:49:25 +0000 2021,heads up i platonically flirt &amp; tease a lot so if ur uncomfortable with my sexual jokes this might be the time to unfollow ğŸ˜ donâ€™t say i didnâ€™t warn u https://t.co/twSWhnkmSi,1373708342128996355,heads up i platonically flirt &amp; tease a lot so if ur uncomfortable with my sexual jokes this might be the time to uâ€¦ https://t.co/eCf5Q7ihFq
Ahead of her time ğŸ˜ baby girl ğŸ•Š,Sun Mar 21 18:49:26 +0000 2021,,1373708344184205317,Ahead of her time ğŸ˜ baby girl ğŸ•Š
Same ğŸ˜,Sun Mar 21 18:49:32 +0000 2021,,1373708370469908481,@heedidthat Same ğŸ˜
it is so sad ğŸ˜ the lack of empathy for all the front line people who are still working so hard ğŸ˜,Sun Mar 21 18:49:40 +0000 2021,,1373708402245865474,RT @EmmaHargreeves: @vankapro Itâ€™s so sad ğŸ˜ the lack of empathy for all the front line people who are still working so hard ğŸ˜
big loss for us women ğŸ˜,Sun Mar 21 18:49:40 +0000 2021,,1373708402606497794,big loss for us women ğŸ˜
how can i motivate you ğŸ˜,Sun Mar 21 18:49:41 +0000 2021,,1373708408336084992,@tinieduo how can i motivate u ğŸ˜
Need that ğŸ˜,Sun Mar 21 18:49:45 +0000 2021,,1373708425197195273,Need that ğŸ˜
huh glad to see I am not the only one still awake ğŸ˜,Sun Mar 21 18:49:49 +0000 2021,,1373708443245113344,huh glad to see im not the only one still awake ğŸ˜
"I dint ask him to enter politics in 2017 he promised spoke all fancy dialogues made us believe and exited , as a fan I have every right to be disappointed ğŸ˜",Sun Mar 21 18:49:50 +0000 2021,"@AadiSekaran @RajiniFollowers I dint ask him to enter politics in 2017 he promised spoke all fancy dialogues made us believe and exited , as a fan I have every right to be disappointed ğŸ˜",1373708444822204416,@AadiSekaran @RajiniFollowers I dint ask him to enter politics in 2017 he promised spoke all fancy dialogues made uâ€¦ https://t.co/yKeRVCChGd
hair in the air is far from being the best ğŸ˜,Sun Mar 21 18:49:54 +0000 2021,,1373708463365296131,@dreamshw hair in the air is far from being the best ğŸ˜
The 2010 bag was the best. Vale. ğŸ˜,Sun Mar 21 18:49:55 +0000 2021,,1373708467232382982,@Fred_vBrain The 2010 bag was the best. Vale. ğŸ˜
I was fortunate enough to have traveled to Chicago and St Louis the last time they made a run. Wondering if I might be around the next time they do. I am pretty sure I was at their last tournament win in Omaha too ğŸ˜,Sun Mar 21 18:49:56 +0000 2021,@JessMagdefrau @marchmadness @RamblersMBB @BarstoolBlers I was fortunate enough to have traveled to Chicago and St Louis the last time they made a run. Wondering if I might be around the next time they do. I am pretty sure I was at their last tournament win in Omaha too ğŸ˜,1373708470235529218,@JessMagdefrau @marchmadness @RamblersMBB @BarstoolBlers I was fortunate enough to have traveled to Chicago and Stâ€¦ https://t.co/4iJavIy0ji
revient ğŸ˜,Sun Mar 21 18:49:57 +0000 2021,,1373708476422184962,@sxnay_ @SyzerSZN  revient ğŸ˜
All our support dear friends... ğŸ˜ This is not the true spirit of sport and this has to stop. Congratulatiâ€¦,Sun Mar 21 18:50:01 +0000 2021,,1373708493463695360,"RT @FranceRugby: @WelshRugbyUnion All our support dear friends... ğŸ˜
This is not the true spirit of sport and this has to stop. Congratulatiâ€¦"
A beautiful and brave poem from a beautiful and brave woman ğŸ˜ xx,Sun Mar 21 18:50:08 +0000 2021,,1373708519904526336,@whitevanwoman A beautiful and brave poem from a beautiful and brave woman ğŸ˜ xx
"UK 146,000 covid deaths !!! Indonesia 4 times the population of the UK and as densely populated and has sadly had 39447 covid deaths ğŸ˜ Vietnam more populated and more densely populated than the UK 36 covid Deaths !! THE STRATEGY IS THE KEY !!!!!",Sun Mar 21 18:50:08 +0000 2021,"UK 146,000 covid deaths !!! Indonesia 4 times the population of the UK and as densely populated and has sadly had 39447 covid deaths ğŸ˜ Vietnam more populated and more densely populated than the UK 36 covid Deaths !! THE STRATEGY IS THE KEY !!!!!",1373708520399515656,"UK 146,000 covid deaths !!! Indonesia 4 times the population of the UK and as densely populated and has sadly had 3â€¦ https://t.co/nHjfhPBhiH"
Omg I am so sorry ğŸ˜,Sun Mar 21 18:50:09 +0000 2021,,1373708526904864768,@OceanBreezePea1 Omg im so sorry ğŸ˜
If this is how Vegas is going to be I probably should not go anymore ğŸ˜,Sun Mar 21 18:50:11 +0000 2021,,1373708532353167362,If this is how Vegas is going to be I probably shouldnâ€™t go anymore ğŸ˜
his voice is so soft ğŸ˜,Sun Mar 21 18:50:17 +0000 2021,,1373708557695254528,his voice is so soft ğŸ˜
Gyehyeon is one of the most gentle beings ever like he intimidates the HELL out of me from afar but as soon as you start talâ€¦,Sun Mar 21 18:50:24 +0000 2021,,1373708588670144516,RT @songfiace: Gyehyeon is one of the most gentle beings ever like he intimidates the HELL out of me from afar but as soon as you start talâ€¦
*sigh* ğŸ˜,Sun Mar 21 18:50:24 +0000 2021,,1373708590251393026,@YvainKems *sigh* ğŸ˜
RIP a bright mind ğŸ˜ I will never forget Woman at Point Zero as my first feminist book. A true masterpiece. ,Sun Mar 21 18:50:29 +0000 2021,,1373708611059380227,RIP a bright mind ğŸ˜ I will never forget Woman at Point Zero as my first feminist book. A true masterpiece. https://t.co/2oEx1PNiYr
"Asides being a very tactless manager, OGS is not lucky with trophies. I just had a feeling that we would lose the game as soon as we were drawn to possibly play Southampton in the semis. We will not win a plastic cup with him as manager. Arteta won a trophy in four months ffs! ğŸ˜",Sun Mar 21 18:50:34 +0000 2021,"Asides being a very tactless manager, OGS isn't lucky with trophies.
I just had a feeling that we'd lose the game as soon as we were drawn to possibly play Southampton in the semis.
We won't win a plastic cup with him as manager.
Arteta won a trophy in four months ffs! ğŸ˜",1373708630348996611,"Asides being a very tactless manager, OGS isn't lucky with trophies.
I just had a feeling that we'd lose the game aâ€¦ https://t.co/PdcCXNEWVV"
21 year old kid? That man is old enough to buy alcohol if he is a kid then I am still a toddler,Sun Mar 21 18:50:34 +0000 2021,,1373708630822899713,RT @kuakamahao: 21 year old kid? That man is old enough to buy alcohol if heâ€™s a kid then im still a toddler
So sad ğŸ˜ I would gladly support any business that chose to open ğŸ¥° Wishing you every luck in the world ğŸ‘,Sun Mar 21 18:50:36 +0000 2021,,1373708638364241929,@Hayley_2021 So sad ğŸ˜ I would gladly support any business that chose to open ğŸ¥° Wishing you every luck in the world ğŸ‘
i will miss him sm ğŸ˜,Sun Mar 21 18:50:37 +0000 2021,,1373708643359731712,i will miss him sm ğŸ˜
Ok what did I miss? I do not understand. ğŸ˜,Sun Mar 21 18:50:38 +0000 2021,,1373708649328218122,@cult_of_rezz Ok what did I miss? I dont understand. ğŸ˜
The life of Ota Benga ğŸ˜,Sun Mar 21 18:50:39 +0000 2021,,1373708652960493568,The life of Ota Benga ğŸ˜
Pirates and man utd really ruined my mood today ğŸ˜,Sun Mar 21 18:50:40 +0000 2021,,1373708657901322240,Pirates and man utd really ruined my mood today ğŸ˜
Yeah life and anxiety really suck I am sorry love please I will check in with you more if you would like :) Hmm yeah it is probably because you have time to overthink at night because I feel that ğŸ˜,Sun Mar 21 18:50:42 +0000 2021,@var_ii Yeah life and anxiety really suck Iâ€™m sorry love please Iâ€™ll check in with you more if you would like :) Hmm yeah itâ€™s probably cause you have time to overthink at night cause I feel that ğŸ˜,1373708663056068609,@var_ii Yeah life and anxiety really suck Iâ€™m sorry love please Iâ€™ll check in with you more if you would like :) Hmâ€¦ https://t.co/Fv20dsLFSK
ğŸ˜ migraine is killing me,Sun Mar 21 18:50:46 +0000 2021,,1373708681737560067,ğŸ˜ migraine is killing me
mehul should come back now ğŸ˜,Sun Mar 21 18:50:49 +0000 2021,,1373708692059779072,mehul should come back now ğŸ˜
Does this mean a possible suicide? ğŸ˜,Sun Mar 21 18:50:56 +0000 2021,,1373708723735162886,@SussexIncidents @andrewgardnr Does this mean a possible suicide? ğŸ˜
My son coached his jr. high boys team to win the city championships for basketball a year ago this past week. No basketball at school this year. ğŸ˜ he is watching some #MarchMadness with me now. No one else at our house cares about ğŸ€ basketball.,Sun Mar 21 18:50:56 +0000 2021,My son coached his jr. high boys team to win the city championships for basketball a year ago this past week. No basketball at school this year. ğŸ˜ Heâ€™s watching some #MarchMadness with me now. No one else at our house cares about ğŸ€ basketball.,1373708724666204160,My son coached his jr. high boys team to win the city championships for basketball a year ago this past week. No baâ€¦ https://t.co/rcgXyM4rmM
it is sad ğŸ˜ but not a surprise ğŸ™,Sun Mar 21 18:50:57 +0000 2021,,1373708728772399105,@KTVU Itâ€™s sad ğŸ˜ but not a surprise ğŸ™
That is awful ğŸ˜ So much pain and being unable to breathe must literally be hell :(,Sun Mar 21 18:51:13 +0000 2021,,1373708794669068289,@AnitaSomaniMD That is awful ğŸ˜ So much pain and being unable to breathe must literally be hell :(
I just want some good quality black leggings that will not show my asshole when I bend over in public ğŸ˜,Sun Mar 21 18:51:17 +0000 2021,,1373708810448166916,RT @heyyyalessandra: I just want some good quality black leggings that wonâ€™t show my asshole when I bend over in public ğŸ˜
I am happy food delivery drivers are getting a much needed break because of the stimulus check but I am starving ğŸ˜,Sun Mar 21 18:51:22 +0000 2021,,1373708830459056128,"I'm happy food delivery drivers are getting a much needed break because of the stimulus check but I'm starving ğŸ˜"
i want bts on my tl but not the fights on here too ğŸ˜,Sun Mar 21 18:51:26 +0000 2021,,1373708847718752260,i want bts on my tl but not the fights on here too ğŸ˜
"Am not ready... for... today's ep ğŸ˜",Sun Mar 21 18:51:26 +0000 2021,,1373708848029122561,"Am not ready... for... today's ep ğŸ˜"
Please do not be a bad belle. ğŸ˜,Sun Mar 21 18:51:28 +0000 2021,,1373708856925257728,@TheToluAdeyi Please donâ€™t be a bad belle. ğŸ˜
Only Obama had the sauce and it was not forced. Pls issokay ğŸ˜,Sun Mar 21 18:51:29 +0000 2021,,1373708862927351814,Only Obama had the sauce and it was not forced. Pls issokay ğŸ˜
as gay ppl we should support each others pinned ğŸ˜,Sun Mar 21 18:51:31 +0000 2021,,1373708869868810241,@aIbeidous as gay ppl we should support each others pinned ğŸ˜
"Really sloppy and uninspiring performance in a FA Cup quarterfinal, Leicester have pressed and looked in total control, very disappointing ğŸ˜",Sun Mar 21 18:51:32 +0000 2021,,1373708875862573056,"Really sloppy and uninspiring performance in a FA Cup quarterfinal, Leicester have pressed and looked in total control, very disappointing ğŸ˜"
I just want to be at Haulover - naked &amp; in the sun ğŸ˜,Sun Mar 21 18:51:36 +0000 2021,,1373708892748845068,RT @yournudemom: I just wanna be at Haulover - naked &amp; in the sun ğŸ˜
"For those of you not wanting the vaccination or just uncertain of having the #OxfordAstraZeneca Today I had mine, my Mothâ€¦",Sun Mar 21 18:51:39 +0000 2021,,1373708901418418183,"RT @Aneedtopaint: For those of you not wanting the vaccination or just uncertain of having the #OxfordAstraZeneca Today I had mine, my Mothâ€¦"
Everything just feels bad ğŸ˜ of recent,Sun Mar 21 18:51:39 +0000 2021,,1373708902559256582,Everything just feels bad ğŸ˜ of recent
"Stay down!!!  Wow Bungie, such a ""stable"" game. can not believe I spent $$$ on a game that can not run subpar even on your garbage servers.  #Disappointment  #PS5Share  #Destiny2 ",Sun Mar 21 18:51:40 +0000 2021,"Stay down!!!

Wow Bungie, such a ""stable"" game. Can't believe I spent $$$ on a game that can't run subpar even on your garbage servers. 
#Disappointment
 #PS5Share
 #Destiny2 https://t.co/m97dQapiYb",1373708908045479937,"Stay down!!!

Wow Bungie, such a ""stable"" game. Can't believe I spent $$$ on a game that can't run subpar even on yâ€¦ https://t.co/NCEtoe8uqx"
Dreadful ğŸ˜,Sun Mar 21 18:51:41 +0000 2021,,1373708912579518467,Dreadful ğŸ˜
DO you KNOW HOW HARD IT WAS TO FIND FICTIONAL INTPS WTF I SEARCHED FOR SO LONG top 5 fictional intps: 1. jisoo (extracurricular) 2. lord varys (got) 3. spencer reid (criminal minds) 4. L (death note) 5. bruce banner ?? (avengers)  lol idk this was hard ğŸ˜,Sun Mar 21 18:51:42 +0000 2021,"@stanseesaw DO U KNOW HOW HARD IT WAS TO FIND FICTIONAL INTPS WTF I SEARCHED FOR SO LONG
top 5 fictional intps:
1. jisoo (extracurricular)
2. lord varys (got)
3. spencer reid (criminal minds)
4. L (death note)
5. bruce banner ?? (avengers)

lol idk this was hard ğŸ˜",1373708915192569861,"@stanseesaw DO U KNOW HOW HARD IT WAS TO FIND FICTIONAL INTPS WTF I SEARCHED FOR SO LONG
top 5 fictional intps:
1.â€¦ https://t.co/ULIGfEKbCV"
Lol I only got the sushi ğŸ˜,Sun Mar 21 18:51:43 +0000 2021,,1373708921739882503,@NickisKCING Lol I only got the sushi ğŸ˜
MISSING SALUKI ğŸ˜¢ Female Ashar Missing From Cardigan Wales since 22/2/17  ğŸ˜ Loved n Missed ğŸ’” Facebook Page- Help Find ASHARâ€¦,Sun Mar 21 18:51:45 +0000 2021,,1373708927288872966,"RT @molliepug2: MISSING SALUKI ğŸ˜¢ Female Ashar Missing From Cardigan Wales since 22/2/17  ğŸ˜ Loved n Missed ğŸ’”
Facebook Page- Help Find ASHARâ€¦"
This is me ğŸ˜,Sun Mar 21 18:51:52 +0000 2021,,1373708956665716737,This is me ğŸ˜
had to delete bc of cop/yright warning ğŸ˜ but here is what he said  he also added that both of them worked hard on this ! https:â€¦,Sun Mar 21 18:51:52 +0000 2021,,1373708956829372416,"RT @woodzxc: had to delete bc of cop/yright warning ğŸ˜ but here's what he said 
he also added that both of them worked hard on this ! https:â€¦"
taehyung being the happiest while seeing himself on the big screen and taking photos of himself ğŸ˜ ,Sun Mar 21 18:51:53 +0000 2021,,1373708960461512704,"RT @afterwc: taehyung being the happiest while seeing himself on the big screen and taking photos of himself ğŸ˜
https://t.co/7bX5OpOmQ7"
My taste bud is the quality control measure ğŸ˜,Sun Mar 21 18:51:57 +0000 2021,,1373708979688341507,My taste bud is the quality control measure ğŸ˜
want to skate nyc ğŸ˜,Sun Mar 21 18:52:02 +0000 2021,,1373709000152391683,Wanna skate nyc ğŸ˜
I have been off since Wednesday and had a really nice long weekend but United have now completely fucking ruined it ğŸ˜,Sun Mar 21 18:52:08 +0000 2021,,1373709026517790730,Iâ€™ve been off since Wednesday and had a really nice long weekend but United have now completely fucking ruined it ğŸ˜
#WritingCommunity I am taking bookings worldwide for remote eco creative writing workshops. I am passionate about inspirâ€¦,Sun Mar 21 18:52:10 +0000 2021,,1373709033706815488,RT @SerenaHassan4: #WritingCommunity I am taking bookings worldwide for remote eco creative writing workshops. I am passionate about inspirâ€¦
its so hard being the only normal one here ğŸ˜,Sun Mar 21 18:52:17 +0000 2021,,1373709061573775360,@88iines @olbwtm its so hard being the only normal one here ğŸ˜
i have no motivation to do the 173829 assignments i have due this week ğŸ˜,Sun Mar 21 18:52:17 +0000 2021,,1373709064199405571,i have no motivation to do the 173829 assignments i have due this week ğŸ˜
I am sorry for the torture ğŸ˜ ,Sun Mar 21 18:52:18 +0000 2021,,1373709066573213702,@stgmgay im sorry for the torture ğŸ˜ https://t.co/CJIaQq64Jm
I need a wood &amp; sum wood. ğŸ˜,Sun Mar 21 18:52:19 +0000 2021,,1373709072562814976,I need a wood &amp; sum wood. ğŸ˜
All I can think about is pivot tables and goal seeking ğŸ˜,Sun Mar 21 18:52:23 +0000 2021,,1373709086118842373,All I can think about is pivot tables and goal seeking ğŸ˜
does anyone out there think I am adorable too ğŸ˜,Sun Mar 21 18:52:25 +0000 2021,,1373709096445038592,"does anyone out there think i'm adorable too ğŸ˜"
Who do we replace him with. Can we actually break the bank for a top striker ğŸ˜,Sun Mar 21 18:52:31 +0000 2021,,1373709120541487109,@enigmangr Who do we replace him with. Can we actually break the bank for a top striker ğŸ˜
You can hear the hurt in his voice ğŸ˜ ,Sun Mar 21 18:52:36 +0000 2021,,1373709142666399746,RT @bottleofh2o: You can hear the hurt in his voice ğŸ˜ https://t.co/CYGdEQzsZW
This is heart breaking ğŸ˜ #LEIMUN,Sun Mar 21 18:52:37 +0000 2021,,1373709148345470986,This is heart breaking ğŸ˜ #LEIMUN
Same here ğŸ˜ 4ğŸ¤£ğŸ˜‚,Sun Mar 21 18:52:38 +0000 2021,,1373709150757269504,@iam_Nimraa Same here ğŸ˜ 4ğŸ¤£ğŸ˜‚
Only if you join me ğŸ˜,Sun Mar 21 18:52:42 +0000 2021,,1373709166930501632,@9kincognito Only if you join me ğŸ˜
"We can not afford to be unhealthy unless, we are rich ğŸ˜",Sun Mar 21 18:52:48 +0000 2021,"@Darnelouise @pleasure74 @WifeySpice90 @VoteJoe1 @PinknFlawless @alxellt0308 @Momof2in1year @marisac721 @ChrisToTheW @Limmered @SuckIt_Trump @Mdrc76Maia @DebJarvis4 @Cmm09672 @MisleaderC @LBSamuelsson @FUBARPATTY @AndBrazen @CunningSq16 @CamiLee13 @lmakowski3 We canâ€™t afford to be unhealthy unless, weâ€™re rich ğŸ˜",1373709194587746311,@Darnelouise @pleasure74 @WifeySpice90 @VoteJoe1 @PinknFlawless @alxellt0308 @Momof2in1year @marisac721â€¦ https://t.co/xfPxgVvPRS
Mines dead too. ğŸ˜ Now it is even easier to just root for USC to run the table.,Sun Mar 21 18:52:50 +0000 2021,,1373709199490699266,@CRB1090 Mines dead too. ğŸ˜ Now itâ€™s even easier to just root for USC to run the table.
When we are given knowledge by relatives ğŸ˜  à¤œà¥à¤à¤¾à¤¨à¥¤                          à¤…à¤¸à¤° ğŸ˜† ,Sun Mar 21 18:52:53 +0000 2021,,1373709214867099651,"RT @ManishK0701: When we are given knowledge by relatives ğŸ˜

à¤œà¥à¤à¤¾à¤¨à¥¤                          à¤…à¤¸à¤° ğŸ˜† https://t.co/NFrbj7h6Vc"
Gutted ğŸ˜,Sun Mar 21 18:52:59 +0000 2021,,1373709237373825029,@pnefc Gutted ğŸ˜
Shame ğŸ˜ I was looking forward to seeing all the top women competing. In contrast to the menâ€™s singles which feels more like a 500 event.,Sun Mar 21 18:52:59 +0000 2021,@christophclarey Shame ğŸ˜ I was looking forward to seeing all the top women competing. In contrast to the menâ€™s singles which feels more like a 500 event.,1373709239340908549,@christophclarey Shame ğŸ˜ I was looking forward to seeing all the top women competing. In contrast to the menâ€™s singâ€¦ https://t.co/gRBQ19KmvA
That is exactly how I feel. Why are the simplest tasks so hard? I cooked (well boiled some potatoes and cabbage and put some veggie sausages in the oven!) but now I have to clean up ğŸ˜,Sun Mar 21 18:53:00 +0000 2021,@DanceLikeNo0ne That is exactly how I feel. Why are the simplest tasks so hard? I cooked (well boiled some potatoes and cabbage and put some veggie sausages in the oven!) but now I have to clean up ğŸ˜,1373709243933675522,@DanceLikeNo0ne That is exactly how I feel. Why are the simplest tasks so hard? I cooked (well boiled some potatoesâ€¦ https://t.co/jnbvbQwbzK
actually I am always like this after watching or reading angst ğŸ˜,Sun Mar 21 18:53:04 +0000 2021,,1373709260274561024,"actually i'm always like this after watching or reading angst ğŸ˜"
"there is a deeply worrying smearing of boys in the British media, worse since the Sarah Everard case  â€œToxicâ€ boys are eyâ€¦",Sun Mar 21 18:53:05 +0000 2021,,1373709262636060681,"RT @MartinDaubney: Thereâ€™s a deeply worrying smearing of boys in the British media, worse since the Sarah Everard case

â€œToxicâ€ boys are eyâ€¦"
First I hurt ğŸ˜ .. Then I heal ğŸ˜… .. THEN I am HELL ğŸ¤£ğŸ¤£ğŸ¤£ğŸ¤£ğŸ¥°,Sun Mar 21 18:53:06 +0000 2021,,1373709270278098946,First I hurt ğŸ˜ .. Then I heal ğŸ˜… .. THEN IM HELL ğŸ¤£ğŸ¤£ğŸ¤£ğŸ¤£ğŸ¥°
i can not stop missing you ğŸ˜,Sun Mar 21 18:53:09 +0000 2021,,1373709282944942090,@BTS_twt i canâ€™t stop missing you ğŸ˜
STOP IT OK do not you SEE THE PURPLE LIL HAIR ğŸ˜,Sun Mar 21 18:53:13 +0000 2021,,1373709297150988290,@rosiefruity STOP IT OK DONT U SEE THE PURPLE LIL HAIR ğŸ˜
my happie gentleman googi ğŸ˜ ,Sun Mar 21 18:53:13 +0000 2021,,1373709299646627844,my happie gentleman googi ğŸ˜ https://t.co/UeX2xP4ayX
"Oh man, all day with a headache ğŸ¤• ğŸ˜",Sun Mar 21 18:53:16 +0000 2021,,1373709309419343872,"Oh man, all day with a headache ğŸ¤• ğŸ˜"
I moved and I do not have a shelf to display anymore ğŸ˜ #CardCaptorSakura #jojosbizarreadventure #rezero #Konosuba #DragonQuest #inuyasha #anime #airgear ,Sun Mar 21 18:53:16 +0000 2021,I moved and I donâ€™t have a shelf to display anymore ğŸ˜ #CardCaptorSakura #jojosbizarreadventure #rezero #Konosuba #DragonQuest #inuyasha #anime #airgear https://t.co/HD8WECsVk0,1373709311029878787,I moved and I donâ€™t have a shelf to display anymore ğŸ˜ #CardCaptorSakura #jojosbizarreadventure #rezero #Konosubaâ€¦ https://t.co/p0A47Uta9N
but we get 200 primos at the end ğŸ˜,Sun Mar 21 18:53:17 +0000 2021,,1373709313307504644,@kqingcfs but we get 200 primos at the end ğŸ˜
he robbed my 20 bro ğŸ˜,Sun Mar 21 18:53:20 +0000 2021,,1373709328474066944,@JJxmzz @BeastMode_XD @IceManIsaac_ he robbed my 20 bro ğŸ˜
thinking when will we get jinmin award show moments again ğŸ˜ ,Sun Mar 21 18:53:21 +0000 2021,,1373709329132576773,RT @jinminors: thinking when will we get jinmin award show moments again ğŸ˜ https://t.co/7JXgU7Rlbx
"ğŸ˜ The presence of a Soviet flag at one left wing demonstration in support of social reform does not make it ""the new face"" of the left by anyone's reasonable standard! If it appears more frequently in other nationwide and DC protests, then perhaps you will have a point.",Sun Mar 21 18:53:21 +0000 2021,"@NileGardiner ğŸ˜ The presence of a Soviet flag at one left wing demonstration in support of social reform does not make it ""the new face"" of the left by anyone's reasonable standard! If it appears more frequently in other nationwide and DC protests, then perhaps you'll have a point.",1373709329854042112,@NileGardiner ğŸ˜ The presence of a Soviet flag at one left wing demonstration in support of social reform does not mâ€¦ https://t.co/TxYZOUI3qN
it is more annoying when you have a big one ğŸ˜,Sun Mar 21 18:53:21 +0000 2021,,1373709330655145988,@JustTonkMan Itâ€™s more annoying when you have a big one ğŸ˜
Just not at the races today ğŸ˜,Sun Mar 21 18:53:25 +0000 2021,,1373709346245328898,@Moffstovoi Just not at the races today ğŸ˜
Crikey there is some judgemental people on here. They take one single tweet and somehow think they know your full stance on a very complex situation. ğŸ˜,Sun Mar 21 18:53:27 +0000 2021,"Crikey there's some judgemental people on here. They take one single tweet and somehow think they know your full stance on a very complex situation. ğŸ˜",1373709354638176261,"Crikey there's some judgemental people on here. They take one single tweet and somehow think they know your full stâ€¦ https://t.co/GFzSJ1KNqn"
No one hugs better than jinmin. Fight me ğŸ˜¤,Sun Mar 21 18:53:28 +0000 2021,,1373709361944596489,RT @lovely_amiOT7: No one hugs better than jinmin. Fight me ğŸ˜¤
Crazy before I got rich my main members had to die ğŸ˜,Sun Mar 21 18:53:30 +0000 2021,,1373709368177405953,RT @freebandchino_: Crazy before I got rich my main members had to die ğŸ˜
"here is a pic from a few days ago â€˜because I got like three hours of sleep last night, and I am *feeling* it ğŸ˜  Catch you all on the flip side. #insomnia  #gregosei #picoftheday  #sundayvibesâœ¨ #mentalhealthiswealth #blackmentalhealth #blackmentalhealthmatters #workingthroughit ",Sun Mar 21 18:53:32 +0000 2021,"Hereâ€™s a pic from a few days ago â€˜cause I got like three hours of sleep last night, and Iâ€™m *feeling* it ğŸ˜  Catch yâ€™all on the flip side. #insomnia

#gregosei #picoftheday  #sundayvibesâœ¨ #mentalhealthiswealth #blackmentalhealth #blackmentalhealthmatters #workingthroughit https://t.co/pZ3qbwy6bo",1373709378281476104,"Hereâ€™s a pic from a few days ago â€˜cause I got like three hours of sleep last night, and Iâ€™m *feeling* it ğŸ˜  Catch yâ€¦ https://t.co/YkcCtkhn8O"
Shocking performance that! Gutted ğŸ˜  #FACup #MUFC,Sun Mar 21 18:53:33 +0000 2021,,1373709383599714305,"Shocking performance that! Gutted ğŸ˜ 
#FACup #MUFC"
ME TOO jk please move ğŸ˜ ,Sun Mar 21 18:53:34 +0000 2021,,1373709386066104333,@kkugrl ME TOO jk please move ğŸ˜ https://t.co/0Qz0y78HCJ
fr pls i do not want it to end yet ğŸ˜,Sun Mar 21 18:53:38 +0000 2021,,1373709400741928960,@khj_flower fr pls i donâ€™t want it to end yet ğŸ˜
"here is a pic from a few days ago â€˜because I got like three hours of sleep last night, and I am *feeling* it ğŸ˜  Catch you allâ€¦",Sun Mar 21 18:53:39 +0000 2021,,1373709408069296129,"RT @GregOseiMusic: Hereâ€™s a pic from a few days ago â€˜cause I got like three hours of sleep last night, and Iâ€™m *feeling* it ğŸ˜  Catch yâ€™allâ€¦"
you all never heard of silence ğŸ˜,Sun Mar 21 18:53:40 +0000 2021,,1373709412859269120,"Y'all never heard of silence ğŸ˜"
sorry ymir ğŸ˜,Sun Mar 21 18:53:44 +0000 2021,,1373709428487303168,sorry ymir ğŸ˜
I sad ğŸ˜,Sun Mar 21 18:53:46 +0000 2021,,1373709437454585857,I sad ğŸ˜
man i finally got to see jordan after 6 years of asking him to come see me in my dreams man. i could not ask for anything better than that man. love you 23 ğŸ˜,Sun Mar 21 18:53:49 +0000 2021,man i finally got to see jordan after 6 years of asking him to come see me in my dreams man. i couldnâ€™t ask for anything better than that man. love you 23 ğŸ˜,1373709449924333587,man i finally got to see jordan after 6 years of asking him to come see me in my dreams man. i couldnâ€™t ask for anyâ€¦ https://t.co/zxPeCO0m3p
I appreciate ğŸ˜,Sun Mar 21 18:53:56 +0000 2021,,1373709477505994753,I appreciate ğŸ˜
"I too can kiss foreheads, El Shaddai ğŸ˜",Sun Mar 21 18:54:03 +0000 2021,,1373709508158062593,"I too can kiss foreheads, El Shaddai ğŸ˜"
Sad but true ğŸ˜,Sun Mar 21 18:54:06 +0000 2021,,1373709519948242952,Sad but true ğŸ˜
FUCKK I am down bad ğŸ˜,Sun Mar 21 18:54:09 +0000 2021,,1373709531335827459,FUCKK iâ€™m down bad ğŸ˜
God this image just causes pain now. Poor baby had no idea what was going to happen about 2 hours later ğŸ˜ #RWBYSpoilers httpsâ€¦,Sun Mar 21 18:54:09 +0000 2021,,1373709531843338242,RT @XiaoLongYT1: God this image just causes pain now. Poor baby had no idea what was gonna happen about 2 hours later ğŸ˜ #RWBYSpoilers httpsâ€¦
hays pis ğŸ˜,Sun Mar 21 18:54:09 +0000 2021,,1373709532795260930,@shaiannecortez hays pis ğŸ˜
I miss this man ğŸ˜,Sun Mar 21 18:54:12 +0000 2021,,1373709543016960002,I miss this man ğŸ˜
Me everyday ğŸ˜,Sun Mar 21 18:54:15 +0000 2021,,1373709556791009282,@_SKarima @Yasmineelee_ Me everyday ğŸ˜
Sad life ğŸ˜  ,Sun Mar 21 18:54:17 +0000 2021,,1373709564185620481,RT @LWIAY_bot: Sad life ğŸ˜ https://t.co/PnXlqRfqLy https://t.co/C3MHvJFsNo
wait ur right that is such a cute @ ğŸ˜,Sun Mar 21 18:54:18 +0000 2021,,1373709569822711816,@minhohours wait ur right thats such a cute @ ğŸ˜
nervous about a lot of things. i do not see a future here. ğŸ˜,Sun Mar 21 18:54:21 +0000 2021,,1373709581579288576,nervous about a lot of things. i dont see a future here. ğŸ˜
So disappointing to see  a supposedly new age banking application banning #Bitcoin purchases  As a one time user ofâ€¦,Sun Mar 21 18:54:23 +0000 2021,,1373709590114791427,"RT @MartiniGuyYT: So disappointing to see @monzo a supposedly new age banking application banning #Bitcoin purchases

As a one time user ofâ€¦"
We should be playing Oklahoma State today ğŸ˜,Sun Mar 21 18:54:23 +0000 2021,,1373709590693576712,We should be playing Oklahoma State today ğŸ˜
i love chanhee so much ğŸ˜,Sun Mar 21 18:54:25 +0000 2021,,1373709599468048385,i love chanhee so much ğŸ˜
Absolute dogshit performance. Fred abysmal. Everyone else mediocre to poor. What a downer to end the weekend ğŸ˜,Sun Mar 21 18:54:25 +0000 2021,,1373709600793497602,"Absolute dogshit performance. Fred abysmal. Everyone else mediocre to poor.
What a downer to end the weekend ğŸ˜"
I hate that Rico is wearing the huggy bear shirt ğŸ˜,Sun Mar 21 18:54:32 +0000 2021,,1373709630031896581,@BarstoolBigCat I hate that Rico is wearing the huggy bear shirt ğŸ˜
I would never thought I would say this..but Kylie finally fucked up ğŸ˜,Sun Mar 21 18:54:34 +0000 2021,,1373709635945857025,Iâ€™d never thought Iâ€™d say this..but Kylie finally fucked up ğŸ˜
just learned of your new rates.  Very disappointed that my residence that is only 21 miles away is considered non-resident for play at Memorial Park GC.  #disappointed ,Sun Mar 21 18:54:36 +0000 2021,@memorialparkgc just learned of your new rates.  Very disappointed that my residence that is only 21 miles away is considered non-resident for play at Memorial Park GC.  #disappointed https://t.co/aoTi0NCVmZ,1373709643734773764,@memorialparkgc just learned of your new rates.  Very disappointed that my residence that is only 21 miles away isâ€¦ https://t.co/9qbNdilDFY